,explanation_accuracy,explanation_fidelity,explanation_complexity,model_accuracy,extraction_time,extracted_concepts,common_concepts_ratio,explanation_consistency
0,0.885761036532425,0.861890694239291,4.0,0.9615952372550964,24.49960970878601,12.5,tensor(0.7857),0.4625
1,0.9084284469271398,0.9217134416543574,2.0,0.942392885684967,26.258350372314453,11.0,tensor(0.5714),0.4625
2,0.9069456622598302,0.929837518463811,3.0,0.9394387006759644,20.23900842666626,7.5,tensor(0.5000),0.4625
3,0.8873662457750302,0.9084194977843427,2.0,0.9335302710533142,183.4691743850708,13.5,tensor(0.9286),0.4625
4,0.9056895193065406,0.9231905465288035,4.5,0.9483013153076172,45.040387868881226,13.0,tensor(0.8571),0.4625
